Ticker,Date,mktWatch-marketCap,mktWatch-float,mktWatch-Beta,mktWatch-P/Eratio,mktWatch-EPS,mktWatch-yield,mktWatch-dividend,mktWatch-short%
BGB,2023-09-17,N/A 
AUTL,2023-09-17,498460000.0,148660000.0,1.04 ,N/A ,-1.1898 ,N/A ,N/A ,0.92  
DESP,2023-09-17,460300000.0,55250000.0,1.22 ,N/A ,-0.53 ,N/A ,N/A ,0.71  
ORC,2023-09-17,419210000.0,43770000.0,1.07 ,N/A ,-1.10 ,20.10  ,0.16 ,6.69  
AGEN,2023-09-17,497240000.0,370260000.0,1.17 ,N/A ,-0.8412 ,N/A ,N/A ,7.93  
GAMB,2023-09-17,495930000.0,14170000.0,0.88 ,109.69 ,0.12 ,N/A ,N/A ,1.45  
SVRA,2023-09-17,497440000.0,84450000.0,0.83 ,N/A ,-0.2794 ,N/A ,N/A ,2.68  
COOK,2023-09-17,495870000.0,73360000.0,1.72 ,N/A ,-2.3417 ,N/A ,N/A ,4.32  
LASR,2023-09-17,494410000.0,44030000.0,1.48 ,N/A ,-1.15 ,N/A ,N/A ,1.59  
ISPR,2023-09-17,494390000.0,11970000.0,0.06 ,N/A ,N/A ,N/A ,N/A ,0.99  
WSR,2023-09-17,494220000.0,46050000.0,1.11 ,12.84 ,0.78 ,4.81  ,0.04 ,1.26  
PDT,2023-09-17,N/A 
NAUT,2023-09-17,492230000.0,69230000.0,1.29 ,N/A ,-0.4673 ,N/A ,N/A ,1.89  
VGM,2023-09-17,N/A 
CTLP,2023-09-17,491210000.0,68140000.0,1.08 ,N/A ,0.00 ,N/A ,N/A ,2.31  
METC,2023-09-17,497980000.0,43900000.0,1.15 ,5.41 ,1.66 ,5.56  ,0.13 ,2.68  
DGICA,2023-09-17,486980000.0,15050000.0,0.61 ,"3,455.81 ",0.00 ,4.58  ,0.17 ,0.91  
DENN,2023-09-17,489750000.0,52890000.0,1.32 ,13.22 ,0.67 ,N/A ,N/A ,2.13  
QNST,2023-09-17,489640000.0,49540000.0,1.12 ,N/A ,-1.27 ,N/A ,N/A ,4.15  
VKQ,2023-09-17,N/A 
IVR,2023-09-17,488150000.0,44440000.0,0.99 ,N/A ,-1.58 ,14.61  ,0.40 ,7.62  
DM,2023-09-17,487570000.0,223580000.0,0.92 ,N/A ,-1.4937 ,N/A ,N/A ,30.45  
CLDT,2023-09-17,486620000.0,47570000.0,1.46 ,77.27 ,0.13 ,2.81  ,0.07 ,1.03  
RBBN,2023-09-17,482640000.0,139830000.0,1.29 ,N/A ,-0.3504 ,N/A ,N/A ,2.17  
VTNR,2023-09-17,480450000.0,81820000.0,1.38 ,N/A ,-0.14 ,N/A ,N/A ,18.83  
MAX,2023-09-17,512700000.00000006,19060000.0,1.42 ,N/A ,-1.52 ,N/A ,N/A ,3.80  
OFIX,2023-09-17,478700000.0,34910000.0,0.92 ,N/A ,-3.66 ,N/A ,N/A ,1.85  
ICPT,2023-09-17,478410000.0,35840000.0,1.24 ,1.77 ,6.47 ,N/A ,N/A ,29.01  
HBNC,2023-09-17,478150000.0,42520000.0,1.14 ,5.78 ,1.88 ,5.90  ,0.16 ,2.51  
SOI,2023-09-17,477270000.0,25460000.0,1.21 ,12.75 ,0.85 ,4.07  ,0.11 ,1.69  
WDH,2023-09-17,491630000.0,310800000.0,0.73 ,9.51 ,0.1314 ,N/A ,N/A ,0.15  
DAO,2023-09-17,471300000.0,31550000.0,0.90 ,N/A ,-0.7958 ,N/A ,N/A ,1.78  
BLE,2023-09-17,N/A 
TBPH,2023-09-17,475320000.0,44780000.0,0.85 ,N/A ,-3.75 ,N/A ,N/A ,20.10  
DSU,2023-09-17,N/A 
CRD-A,2023-09-17
MCS,2023-09-17,461330000.0,23410000.0,1.19 ,N/A ,-0.19 ,1.88  ,0.07 ,14.98  
MLYS,2023-09-17,470260000.0,18670000.0,0.96 ,N/A ,-0.99 ,N/A ,N/A ,7.99  
GCT,2023-09-17,466510000.0,5760000.0,0.85 ,9.55 ,1.20 ,N/A ,N/A ,7.57  
SVM,2023-09-17,475850000.0,169080000.0,N/A ,24.20 ,0.11 ,0.94  ,0.01 ,1.38  
PACK,2023-09-17,451950000.0,72490000.0,1.00 ,N/A ,-0.37 ,N/A ,N/A ,2.44  
TYGO,2023-09-17,468060000.0,22120000.0,0.08 ,N/A ,-0.92 ,N/A ,N/A ,0.28  
IQI,2023-09-17,N/A 
NCMI,2023-09-17,467450000.0,87920000.0,1.39 ,1.73 ,2.7886 ,24.84  ,0.3000 ,0.94  
HEPS,2023-09-17,466180000.0,N/A ,1.21 ,N/A ,-0.0904 ,N/A ,N/A ,N/A 
HUT,2023-09-17,465490000.0,219910000.0,1.88 ,N/A ,-0.4631 ,N/A ,N/A ,6.44  
KRNY,2023-09-17,464980000.0,57380000.0,0.75 ,11.33 ,0.63 ,6.17  ,0.11 ,3.08  
ZYME,2023-09-17,465650000.0,63240000.0,0.97 ,2.46 ,2.76 ,N/A ,N/A ,7.86  
JFR,2023-09-17,N/A 
NFBK,2023-09-17,460220000.0,39530000.0,0.79 ,8.86 ,1.15 ,5.08  ,0.13 ,1.59  
EGY,2023-09-17,459980000.0,104700000.0,1.26 ,11.55 ,0.3739 ,5.09  ,0.0625 ,2.70  
RERE,2023-09-17,468960000.0,N/A ,1.06 ,N/A ,-1.3252 ,N/A ,N/A ,N/A 
MYD,2023-09-17,N/A 
QD,2023-09-17,471460000.0,0 ,1.20 ,16.92 ,0.1200 ,N/A ,N/A ,N/A 
OSPN,2023-09-17,455760000.0,36080000.0,1.02 ,N/A ,-0.91 ,N/A ,N/A ,3.76  
FLWS,2023-09-17,455380000.0,28560000.0,1.11 ,N/A ,-0.69 ,N/A ,N/A ,4.65  
LEV,2023-09-17,459160000.0,115930000.0,1.43 ,N/A ,-0.2360 ,N/A ,N/A ,6.29  
FMNB,2023-09-17,454350000.0,35660000.0,0.81 ,8.45 ,1.43 ,5.61  ,0.17 ,1.91  
BBCP,2023-09-17,453000000.0,24100000.0,1.07 ,16.03 ,0.52 ,N/A ,N/A ,2.71  
ORIC,2023-09-17,452620000.0,31710000.0,0.89 ,N/A ,-2.18 ,N/A ,N/A ,19.22  
ASPN,2023-09-17,452140000.0,67700000.0,1.45 ,N/A ,-1.41 ,N/A ,N/A ,8.24  
VNET,2023-09-17,451300000.0,129919999.99999999,1.10 ,N/A ,-0.6426 ,N/A ,N/A ,4.56  
STKL,2023-09-17,450870000.0,111120000.0,0.96 ,N/A ,-0.2832 ,N/A ,N/A ,5.11  
HONE,2023-09-17,450560000.0,40540000.0,0.77 ,11.53 ,0.84 ,3.10  ,0.08 ,1.08  
FFWM,2023-09-17,450420000.0,51460000.0,1.14 ,N/A ,-2.79 ,1.00  ,0.02 ,5.49  
SMR,2023-09-17,1380000000.0,44720000.0,0.53 ,N/A ,-0.73 ,N/A ,N/A ,22.05  
MYPS,2023-09-17,446680000.0,84330000.0,1.07 ,N/A ,-0.0135 ,N/A ,N/A ,2.03  
VITL,2023-09-17,446190000.0,25840000.0,0.83 ,28.88 ,0.37 ,N/A ,N/A ,6.66  
XPER,2023-09-17,445530000.0,42030000.0,0.61 ,N/A ,-18.26 ,N/A ,N/A ,2.39  
RMAX,2023-09-17,443730000.0,17100000.0,1.18 ,N/A ,-0.06 ,6.36  ,0.23 ,2.40  
EBIX,2023-09-17,442820000.0,24250000.0,1.81 ,13.18 ,1.09 ,2.09  ,0.08 ,23.16  
ITOS,2023-09-17,440830000.0,29280000.0,1.11 ,N/A ,-0.83 ,N/A ,N/A ,5.53  
GAIN,2023-09-17,439970000.0,32960000.0,0.82 ,13.43 ,0.97 ,7.40  ,0.08 ,5.69  
LBC,2023-09-17,439350000.0,20700000.0,0.79 ,7.97 ,1.08 ,0.00  ,0.12 ,0.67  
TGB,2023-09-17,431140000.0,279210000.0,N/A ,N/A ,-0.03 ,N/A ,N/A ,1.13  
EZPW,2023-09-17,438370000.0,50390000.0,0.75 ,19.90 ,0.40 ,N/A ,N/A ,12.48  
FRA,2023-09-17,N/A 
SLGC,2023-09-17,438210000.0,152330000.0,1.74 ,N/A ,-0.7590 ,N/A ,N/A ,6.64  
IHRT,2023-09-17,418780000.0,113920000.0,1.51 ,N/A ,-8.9622 ,N/A ,N/A ,6.02  
ANTX,2023-09-17,437570000.0,15240000.0,0.92 ,N/A ,-2.80 ,N/A ,N/A ,1.01  
SRG,2023-09-17,437100000.0,37200000.0,1.65 ,N/A ,-1.32 ,0.00  ,0.25 ,23.58  
EU,2023-09-17,446210000.0,141190000.0,N/A ,N/A ,-0.18 ,N/A ,N/A ,1.91  
RPTX,2023-09-17,434410000.0,31790000.0,1.19 ,N/A ,-0.16 ,N/A ,N/A ,3.79  
BW,2023-09-17,433830000.0,85770000.0,1.66 ,N/A ,-0.5026 ,N/A ,N/A ,1.84  
TBI,2023-09-17,433450000.0,29770000.0,0.76 ,29.45 ,0.47 ,N/A ,N/A ,2.08  
CMPS,2023-09-17,582300000.0,54120000.0,1.44 ,N/A ,-2.35 ,N/A ,N/A ,7.26  
ALTG,2023-09-17,430500000.0,23300000.0,1.09 ,89.74 ,0.15 ,1.71  ,0.06 ,4.00  
IGMS,2023-09-17,388170000.0,20720000.0,1.43 ,N/A ,-5.27 ,N/A ,N/A ,27.23  
CDNA,2023-09-17,429020000.0,52070000.0,1.53 ,N/A ,-1.57 ,N/A ,N/A ,7.96  
NRIX,2023-09-17,427050000.0,43840000.0,1.44 ,N/A ,-2.97 ,N/A ,N/A ,12.72  
CYH,2023-09-17,432270000.0,127070000.0,1.56 ,1.43 ,2.1761 ,N/A ,N/A ,6.61  
CGEM,2023-09-17,425640000.0,27120000.0,1.30 ,N/A ,-3.36 ,N/A ,N/A ,9.75  
LYEL,2023-09-17,424240000.0,121560000.0,1.60 ,N/A ,-0.8402 ,N/A ,N/A ,18.15  
NRGV,2023-09-17,447140000.0,74940000.0,1.22 ,N/A ,-0.7788 ,N/A ,N/A ,14.87  
PNNT,2023-09-17,421350000.0,63110000.0,1.07 ,N/A ,-1.24 ,13.00  ,0.21 ,0.51  
LIND,2023-09-17,421300000.0,35800000.0,1.83 ,N/A ,-1.30 ,N/A ,N/A ,8.90  
MBI,2023-09-17,420150000.0,44610000.0,1.17 ,N/A ,-5.10 ,N/A ,N/A ,3.35  
ARQT,2023-09-17,419860000.0,44750000.0,0.95 ,N/A ,-5.65 ,N/A ,N/A ,27.88  
LYTS,2023-09-17,422880000.0,24690000.0,1.00 ,16.68 ,0.88 ,1.36  ,0.05 ,2.86  
LQDA,2023-09-17,417580000.0,53010000.0,0.93 ,N/A ,-0.79 ,N/A ,N/A ,4.53  
MVIS,2023-09-17,416880000.0,185900000.0,1.43 ,N/A ,-0.3828 ,N/A ,N/A ,22.82  
GATO,2023-09-17,414280000.0,46080000.0,1.42 ,N/A ,-0.07 ,N/A ,N/A ,0.88  
HT,2023-09-17,473720000.0,33409999.999999996,1.74 ,3.18 ,3.10 ,2.03  ,0.05 ,1.95  
AMRN,2023-09-17,412220000.0,406330000.0,1.26 ,N/A ,-0.0945 ,N/A ,N/A ,4.06  
HA,2023-09-17,409960000.0,49460000.0,1.45 ,N/A ,-3.30 ,0.00  ,0.12 ,10.65  
TPC,2023-09-17,409570000.0,41570000.0,1.00 ,N/A ,-4.11 ,N/A ,N/A ,5.28  
CNSL,2023-09-17,409300000.0,73430000.0,1.07 ,N/A ,-2.8333 ,N/A ,0.3874 ,3.17  
GIM,2023-09-17,N/A 
MMU,2023-09-17,N/A 
DAKT,2023-09-17,425160000.0,37270000.0,0.79 ,13.18 ,0.68 ,0.00  ,0.05 ,2.77  
EWTX,2023-09-17,427080000.0,39180000.0,1.29 ,N/A ,-1.34 ,N/A ,N/A ,13.90  
OSUR,2023-09-17,405980000.0,70100000.0,0.76 ,9.41 ,0.59 ,N/A ,N/A ,3.50  
URG,2023-09-17,405470000.0,251730000.0,N/A ,N/A ,-0.07 ,N/A ,N/A ,1.96  
ISD,2023-09-17,N/A 
PLM,2023-09-17,405440000.0,33790000.0,N/A ,N/A ,-0.22 ,N/A ,N/A ,0.33  
HNRG,2023-09-17,399700000.0,22620000.0,0.92 ,5.97 ,2.02 ,0.00  ,0.04 ,5.34  
NML,2023-09-17,N/A 
GCI,2023-09-17,396530000.0,127930000.0,1.59 ,N/A ,-0.2408 ,0.00  ,0.3800 ,11.65  
NETI,2023-09-17,410430000.0,23800000.0,1.08 ,N/A ,-0.58 ,0.39  ,0.01 ,3.88  
AMWL,2023-09-17,395700000.0,223100000.0,1.31 ,N/A ,-2.2205 ,N/A ,N/A ,4.28  
LUNG,2023-09-17,394350000.0,32830000.0,1.45 ,N/A ,-1.61 ,N/A ,N/A ,3.84  
FNKO,2023-09-17,394210000.0,28580000.0,1.34 ,N/A ,-3.41 ,N/A ,N/A ,11.51  
IGD,2023-09-17,N/A 
GLAD,2023-09-17,393730000.0,37360000.0,0.96 ,10.71 ,0.95 ,9.71  ,0.08 ,0.71  
MBSC,2023-09-17,391870000.0,29540000.0,0.01 ,97.94 ,0.11 ,N/A ,N/A ,0.01  
DDL,2023-09-17,391550000.0,143140000.0,1.22 ,N/A ,-0.2657 ,N/A ,N/A ,2.94  
FFIC,2023-09-17,390430000.0,27330000.0,0.92 ,8.65 ,1.56 ,6.53  ,0.22 ,1.78  
HRZN,2023-09-17,390060000.0,31660000.0,N/A ,21.12 ,0.58 ,10.86  ,0.11 ,1.48  
UVE,2023-09-17,389830000.0,26920000.0,0.89 ,71.44 ,0.18 ,4.94  ,0.16 ,3.37  
ERAS,2023-09-17,389690000.0,92600000.0,1.31 ,N/A ,-1.7881 ,N/A ,N/A ,9.64  
NEGG,2023-09-17,389090000.0,19840000.0,0.98 ,N/A ,N/A ,N/A ,N/A ,8.52  
NNOX,2023-09-17,399910000.0,51270000.0,1.71 ,N/A ,-1.75 ,N/A ,N/A ,13.30  
NETD,2023-09-17,N/A ,30500000.0,-0.01 ,N/A ,N/A ,N/A ,N/A ,N/A 
AMSWA,2023-09-17,385400000.0,31890000.0,0.96 ,34.79 ,0.32 ,3.90  ,0.11 ,0.56  
DSX,2023-09-17,395490000.0,85060000.0,0.97 ,3.81 ,0.9405 ,17.46  ,0.1500 ,1.81  
LAW,2023-09-17,383680000.0,23570000.0,2.04 ,N/A ,-1.25 ,N/A ,N/A ,3.28  
TRVG,2023-09-17,383350000.0,106980000.0,0.94 ,N/A ,-0.1076 ,N/A ,N/A ,0.37  
EVC,2023-09-17,336150000.0,59350000.0,0.90 ,42.42 ,0.0884 ,5.33  ,0.0500 ,2.60  
ALDX,2023-09-17,382630000.0,56290000.0,1.52 ,N/A ,-0.89 ,N/A ,N/A ,10.81  
TPVG,2023-09-17,382120000.0,34960000.0,1.24 ,N/A ,-0.69 ,14.84  ,0.40 ,7.36  
PGEN,2023-09-17,380670000.0,120390000.0,1.65 ,N/A ,-0.3239 ,N/A ,N/A ,11.37  
SLDP,2023-09-17,379970000.0,124110000.0,1.38 ,N/A ,-0.2504 ,N/A ,N/A ,8.11  
BAER,2023-09-17,378300000.0,2720000.0,-0.17 ,N/A ,-0.64 ,N/A ,N/A ,1.18  
NTGR,2023-09-17,378090000.0,27540000.0,0.90 ,N/A ,-0.74 ,N/A ,N/A ,4.08  
QURE,2023-09-17,377820000.0,44360000.0,1.15 ,N/A ,-3.94 ,N/A ,N/A ,5.33  
AVK,2023-09-17,N/A 
REI,2023-09-17,377040000.0,127600000.0,N/A ,2.16 ,0.89 ,N/A ,N/A ,12.57  
TSP,2023-09-17,378020000.0,140960000.0,2.58 ,N/A ,-2.1042 ,N/A ,N/A ,7.26  
VEL,2023-09-17,375800000.0,19530000.0,1.61 ,9.63 ,1.19 ,N/A ,N/A ,1.16  
SMHI,2023-09-17,375070000.0,22460000.0,1.19 ,N/A ,-1.94 ,N/A ,N/A ,1.74  
MXCT,2023-09-17,354100000.0,91230000.0,1.49 ,N/A ,-0.3181 ,N/A ,N/A ,2.15  
SHBI,2023-09-17,374290000.0,30140000.0,1.04 ,7.87 ,1.44 ,4.25  ,0.12 ,0.64  
ICVX,2023-09-17,372850000.0,32390000.0,1.32 ,N/A ,-2.33 ,N/A ,N/A ,3.32  
CHW,2023-09-17,N/A 
WULF,2023-09-17,371500000.0,119610000.0,0.92 ,N/A ,-0.7518 ,N/A ,N/A ,16.56  
GRPN,2023-09-17,369360000.0,15960000.0,1.60 ,N/A ,-5.03 ,N/A ,N/A ,34.12  
CGNT,2023-09-17,361420000.0,63680000.0,1.21 ,N/A ,-1.06 ,N/A ,N/A ,0.84  
ACP,2023-09-17,N/A 
SFIX,2023-09-17,367470000.0,79670000.0,1.43 ,N/A ,-2.1481 ,N/A ,N/A ,11.92  
MCRB,2023-09-17,366670000.0,96470000.0,1.17 ,N/A ,-1.2461 ,N/A ,N/A ,20.97  
EYPT,2023-09-17,366630000.0,27670000.0,1.31 ,N/A ,-2.83 ,N/A ,N/A ,20.47  
ACTG,2023-09-17,365580000.0,97540000.0,0.67 ,N/A ,-0.9099 ,N/A ,N/A ,1.24  
LX,2023-09-17,400630000.0,138700000.0,1.08 ,2.28 ,0.9815 ,4.55  ,0.1160 ,0.61  
FRGE,2023-09-17,364260000.0,94110000.0,1.00 ,N/A ,-0.5380 ,N/A ,N/A ,3.58  
AVTE,2023-09-17,363590000.0,17240000.0,1.40 ,N/A ,-2.59 ,N/A ,N/A ,7.84  
AVD,2023-09-17,363580000.0,27400000.0,1.02 ,32.02 ,0.39 ,0.97  ,0.03 ,1.43  
FSD,2023-09-17,N/A 
PSTL,2023-09-17,351580000.0,19320000.0,0.36 ,108.23 ,0.13 ,6.69  ,0.24 ,5.79  
HIO,2023-09-17,N/A 
INVZ,2023-09-17,362160000.0,155910000.0,1.44 ,N/A ,-0.9450 ,N/A ,N/A ,7.57  
SIFY,2023-09-17,362010000.0,N/A ,1.07 ,N/A ,N/A ,0.00  ,0.0174 ,N/A 
SRRK,2023-09-17,359890000.0,43050000.0,0.91 ,N/A ,-2.27 ,N/A ,N/A ,12.43  
EMLD,2023-09-17,359940000.0,24820000.0,0.00 ,N/A ,N/A ,N/A ,N/A ,0.02  
LSEA,2023-09-17,366230000.0,14820000.0,0.46 ,7.23 ,1.31 ,N/A ,N/A ,2.97  
BLUE,2023-09-17,358290000.0,104070000.0,1.36 ,N/A ,-1.0252 ,N/A ,N/A ,25.03  
TMC,2023-09-17,339790000.0,95700000.0,0.99 ,N/A ,-0.5772 ,N/A ,N/A ,9.71  
EFR,2023-09-17,N/A 
SB,2023-09-17,351530000.0,63210000.0,1.18 ,3.32 ,0.9478 ,6.35  ,0.0500 ,3.14  
BFLY,2023-09-17,351280000.0,148660000.0,1.84 ,N/A ,-0.7468 ,N/A ,N/A ,15.97  
FIP,2023-09-17,351040000.0,97910000.0,1.07 ,N/A ,-1.8284 ,3.40  ,0.0300 ,4.98  
DOMO,2023-09-17,355420000.0,30550000.0,1.78 ,N/A ,-2.40 ,N/A ,N/A ,5.77  
VYGR,2023-09-17,349450000.0,34880000.0,1.30 ,3.52 ,2.26 ,N/A ,N/A ,5.96  
VKI,2023-09-17,N/A 
MTLS,2023-09-17,347910000.0,0 ,1.26 ,"1,591.89 ",0.00 ,N/A ,N/A ,N/A 
DPG,2023-09-17,N/A 
LPSN,2023-09-17,347150000.0,73100000.0,1.34 ,N/A ,-1.2200 ,N/A ,N/A ,7.45  
EOSE,2023-09-17,347050000.0,128360000.00000001,1.78 ,N/A ,-3.7532 ,N/A ,N/A ,26.91  
NXDT,2023-09-17,346070000.0,30330000.0,0.79 ,N/A ,N/A ,6.44  ,0.15 ,1.69  
LEO,2023-09-17,N/A 
AMLI,2023-09-17,338040000.0,208160000.0,1.64 ,N/A ,-0.1345 ,N/A ,N/A ,1.22  
LXRX,2023-09-17,342890000.0,240070000.0,1.17 ,N/A ,-0.6835 ,N/A ,N/A ,7.42  
PPT,2023-09-17,N/A 
ABUS,2023-09-17,341820000.0,125740000.0,1.29 ,N/A ,-0.4624 ,N/A ,N/A ,4.12  
AMPX,2023-09-17,339640000.0,14270000.0,0.87 ,N/A ,-0.2783 ,N/A ,N/A ,7.65  
LXFR,2023-09-17,339490000.0,26460000.0,0.98 ,22.70 ,0.56 ,4.12  ,0.13 ,0.45  
KALV,2023-09-17,337840000.0,27120000.0,0.76 ,N/A ,-3.16 ,N/A ,N/A ,14.30  
TDUP,2023-09-17,338140000.0,70350000.0,1.85 ,N/A ,-0.8038 ,N/A ,N/A ,10.79  
HQL,2023-09-17,N/A 
MYTE,2023-09-17,335350000.0,N/A ,1.45 ,N/A ,-0.1868 ,N/A ,N/A ,N/A 
PNTG,2023-09-17,335520000.0,27280000.0,1.43 ,26.16 ,0.43 ,N/A ,N/A ,1.04  
SCLX,2023-09-17,335370000.0,86230000.0,0.01 ,N/A ,-0.6273 ,N/A ,N/A ,3.02  
MUX,2023-09-17,334690000.0,39190000.0,0.72 ,N/A ,-2.36 ,N/A ,N/A ,4.29  
HUMA,2023-09-17,334610000.0,66340000.0,1.19 ,N/A ,-0.8591 ,N/A ,N/A ,5.73  
ALTO,2023-09-17,333250000.0,71370000.0,1.17 ,N/A ,-0.9297 ,N/A ,N/A ,2.72  
KODK,2023-09-17,335380000.0,62290000.0,1.21 ,6.76 ,0.6202 ,N/A ,N/A ,6.48  
ACIC,2023-09-17,332930000.0,19480000.0,0.81 ,N/A ,-2.10 ,0.00  ,0.06 ,6.16  
RXT,2023-09-17,332470000.0,49670000.0,1.78 ,N/A ,-6.4358 ,N/A ,N/A ,12.07  
GEVO,2023-09-17,332360000.0,228190000.0,1.38 ,N/A ,-0.4270 ,N/A ,N/A ,15.89  
AWP,2023-09-17,N/A 
BRW,2023-09-17,N/A 
AUDC,2023-09-17,327970000.0,22970000.0,0.95 ,24.29 ,0.43 ,3.46  ,0.18 ,0.78  
BFZ,2023-09-17,N/A 
KIO,2023-09-17,N/A 
AAOI,2023-09-17,328090000.0,29260000.0,1.27 ,N/A ,-2.41 ,N/A ,N/A ,20.24  
OSG,2023-09-17,327470000.0,53940000.0,1.01 ,7.75 ,0.5513 ,N/A ,N/A ,2.23  
PMVP,2023-09-17,325130000.0,34530000.0,1.35 ,N/A ,-1.62 ,N/A ,N/A ,15.96  
SIGA,2023-09-17,324850000.0,40450000.0,0.82 ,11.82 ,0.3867 ,0.00  ,0.4500 ,13.41  
BAND,2023-09-17,321730000.0,22700000.0,1.04 ,N/A ,-0.22 ,N/A ,N/A ,4.99  
ORGO,2023-09-17,321710000.0,78060000.0,1.06 ,32.36 ,0.0757 ,N/A ,N/A ,3.92  
INSE,2023-09-17,321310000.0,24530000.0,1.10 ,20.49 ,0.60 ,N/A ,N/A ,1.12  
BITF,2023-09-17,276770000.0,225910000.0,2.12 ,N/A ,-0.5900 ,N/A ,N/A ,2.74  
ABOS,2023-09-17,320010000.0,44110000.0,1.19 ,N/A ,-1.14 ,N/A ,N/A ,3.97  
CAN,2023-09-17,319670000.0,149260000.0,1.41 ,N/A ,-1.4726 ,N/A ,N/A ,7.04  
MCBC,2023-09-17,319600000.0,26030000.0,0.78 ,7.18 ,1.30 ,3.43  ,0.08 ,0.65  
SBT,2023-09-17,319230000.0,18060000.0,0.98 ,103.20 ,0.06 ,0.00  ,0.01 ,1.51  
FF,2023-09-17,319030000.0,25890000.0,0.89 ,7.61 ,0.96 ,3.29  ,0.06 ,4.46  
QSI,2023-09-17,317440000.0,98760000.0,1.92 ,N/A ,-0.8133 ,N/A ,N/A ,8.44  
RNGR,2023-09-17,317070000.0,13220000.0,0.32 ,9.74 ,1.33 ,1.55  ,0.05 ,2.45  
FNGR,2023-09-17,314010000.0,26830000.0,1.23 ,N/A ,-0.16 ,N/A ,N/A ,1.62  
EGHT,2023-09-17,315460000.0,114610000.0,1.51 ,N/A ,-0.5436 ,N/A ,N/A ,15.03  
HIX,2023-09-17,N/A 
MX,2023-09-17,315230000.0,38450000.0,1.02 ,N/A ,-0.91 ,N/A ,N/A ,1.67  
REAX,2023-09-17,315000000.0,88410000.0,0.75 ,N/A ,-0.1317 ,N/A ,N/A ,0.26  
SOHU,2023-09-17,314770000.0,33580000.0,1.04 ,N/A ,-1.98 ,N/A ,N/A ,0.51  
SJT,2023-09-17,314140000.0,44190000.0,0.67 ,3.34 ,2.02 ,27.90  ,0.02 ,1.97  
SCM,2023-09-17,313550000.0,21440000.0,1.10 ,16.96 ,0.82 ,11.51  ,0.13 ,0.97  
TERN,2023-09-17,312690000.0,39020000.0,0.72 ,N/A ,-1.29 ,N/A ,N/A ,12.26  
LVOX,2023-09-17,310870000.0,12400000.0,0.40 ,N/A ,-0.2864 ,N/A ,N/A ,8.06  
SWIM,2023-09-17,310070000.0,37250000.0,1.87 ,N/A ,-0.1419 ,N/A ,N/A ,3.85  
ONL,2023-09-17,308990000.0,54650000.0,0.77 ,N/A ,-1.71 ,7.34  ,0.10 ,5.93  
TAST,2023-09-17,325600000.0,33960000.0,1.39 ,N/A ,-0.34 ,0.00  ,0.41 ,4.88  
VLD,2023-09-17,308890000.0,95550000.0,2.28 ,N/A ,-0.6042 ,N/A ,N/A ,14.74  
MRNS,2023-09-17,308720000.0,47470000.0,1.36 ,N/A ,-0.15 ,N/A ,N/A ,7.56  
EDD,2023-09-17,N/A 
THCH,2023-09-17,321590000.0,34180000.0,0.31 ,7.53 ,0.2577 ,N/A ,N/A ,1.56  
MIN,2023-09-17,N/A 
TSE,2023-09-17,302270000.0,34600000.0,1.59 ,N/A ,-25.15 ,0.47  ,0.01 ,6.27  
AAN,2023-09-17,300970000.0,29830000.0,1.19 ,N/A ,-0.08 ,5.13  ,0.13 ,4.36  
SCU,2023-09-17,697340000.0,17550000.0,1.20 ,N/A ,-0.94 ,3.33  ,0.06 ,2.21  
BRLT,2023-09-17,185920000.0,11650000.0,1.54 ,276.36 ,0.0110 ,N/A ,N/A ,3.01  
LOCO,2023-09-17,302280000.0,26530000.0,0.77 ,13.98 ,0.65 ,0.00  ,1.50 ,5.10  
HYZN,2023-09-17,298720000.0,90650000.0,1.90 ,N/A ,-0.6427 ,N/A ,N/A ,12.80  
GLUE,2023-09-17,296800000.0,30900000.0,1.78 ,N/A ,-2.58 ,N/A ,N/A ,11.49  
XFLT,2023-09-17,N/A 
ZYXI,2023-09-17,297820000.0,21380000.0,0.98 ,18.26 ,0.45 ,0.00  ,0.10 ,27.60  
CSTR,2023-09-17,295920000.0,17720000.0,0.93 ,9.44 ,1.51 ,3.10  ,0.11 ,0.87  
CERS,2023-09-17,294710000.0,174630000.0,1.34 ,N/A ,-0.2857 ,N/A ,N/A ,3.20  
OPI,2023-09-17,293950000.0,47610000.0,1.12 ,28.10 ,0.22 ,16.53  ,0.25 ,9.35  
SPOK,2023-09-17,293130000.0,18190000.0,0.62 ,8.41 ,1.75 ,8.51  ,0.31 ,3.28  
ASG,2023-09-17,N/A 
TALK,2023-09-17,291400000.0,113950000.0,0.87 ,N/A ,-0.3113 ,N/A ,N/A ,1.49  
ZIMV,2023-09-17,291300000.0,25940000.0,1.23 ,N/A ,-3.16 ,N/A ,N/A ,1.97  
UROY,2023-09-17,288670000.0,82350000.0,0.92 ,N/A ,-0.0338 ,N/A ,N/A ,1.81  
NVX,2023-09-17,297190000.0,N/A ,1.56 ,N/A ,-0.3825 ,N/A ,N/A ,N/A 
ANGO,2023-09-17,289600000.0,38090000.0,0.96 ,N/A ,-1.33 ,N/A ,N/A ,3.21  
MGNX,2023-09-17,288680000.0,58480000.0,1.33 ,41.68 ,0.1118 ,N/A ,N/A ,8.47  
UTI,2023-09-17,288570000.0,32650000.0,0.92 ,201.19 ,0.04 ,N/A ,N/A ,2.40  
EXFY,2023-09-17,286660000.0,40530000.0,1.56 ,N/A ,-0.3540 ,N/A ,N/A ,4.94  
SKYT,2023-09-17,286030000.0,14680000.0,2.25 ,N/A ,-0.53 ,N/A ,N/A ,8.75  
ALVR,2023-09-17,280880000.0,56670000.0,1.67 ,N/A ,-1.8247 ,N/A ,N/A ,14.67  
AFB,2023-09-17,N/A 
BLND,2023-09-17,285410000.0,174420000.0,1.77 ,N/A ,-1.3711 ,N/A ,N/A ,5.82  
NCV,2023-09-17,N/A 
NUVB,2023-09-17,285930000.0,143750000.0,1.04 ,N/A ,-0.4136 ,N/A ,N/A ,1.51  
OPAD,2023-09-17,283150000.0,N/A ,1.85 ,N/A ,-1.80 ,N/A ,N/A ,N/A 
RLGT,2023-09-17,281390000.0,36380000.0,N/A ,14.37 ,0.41 ,N/A ,N/A ,0.49  
JMIA,2023-09-17,281730000.0,100610000.0,2.01 ,N/A ,-1.6246 ,N/A ,N/A ,8.77  
AMPY,2023-09-17,281640000.0,38230000.0,1.72 ,0.66 ,10.85 ,0.00  ,0.10 ,2.95  
SKGR,2023-09-17,280860000.0,20660000.0,-0.03 ,43.67 ,0.25 ,N/A ,N/A ,0.03  
FRBA,2023-09-17,284050000.0,23650000.0,1.02 ,6.67 ,1.69 ,2.13  ,0.06 ,0.75  
OVID,2023-09-17,280290000.0,58260000.0,0.86 ,N/A ,-0.6986 ,N/A ,N/A ,3.57  
VMD,2023-09-17,273970000.0,33650000.0,0.77 ,39.73 ,0.18 ,N/A ,N/A ,1.52  
CJET,2023-09-17,283490000.0,14310000.0,0.03 ,32.77 ,0.0531 ,N/A ,N/A ,1.40  
TRHC,2023-09-17,278660000.0,23980000.0,1.29 ,N/A ,-3.66 ,N/A ,N/A ,3.18  
GPMT,2023-09-17,278000000.0,50550000.0,1.37 ,N/A ,-1.44 ,15.77  ,0.20 ,0.64  
NOTE,2023-09-17,278330000.0,101580000.0,0.69 ,N/A ,-2.3282 ,N/A ,N/A ,5.67  
FULC,2023-09-17,277580000.0,58100000.0,1.66 ,N/A ,-1.8153 ,N/A ,N/A ,6.13  
OCUL,2023-09-17,276260000.0,75160000.0,1.29 ,N/A ,-1.1728 ,N/A ,N/A ,5.47  
XERS,2023-09-17,276130000.0,129080000.00000001,1.62 ,N/A ,-0.5229 ,N/A ,N/A ,5.75  
BKCC,2023-09-17,275770000.0,71590000.0,1.01 ,26.32 ,0.1444 ,10.53  ,0.1000 ,0.54  
TRMR,2023-09-17,284130000.0,71310000.0,1.42 ,N/A ,-0.2632 ,N/A ,N/A ,0.52  
FLIC,2023-09-17,274480000.0,20880000.0,0.91 ,7.72 ,1.57 ,6.91  ,0.21 ,1.67  
PMM,2023-09-17,N/A 
LINC,2023-09-17,273770000.0,27210000.0,0.70 ,9.51 ,0.92 ,N/A ,N/A ,1.61  
DXLG,2023-09-17,271750000.0,57010000.0,1.07 ,7.94 ,0.5665 ,N/A ,N/A ,5.26  
CMPX,2023-09-17,271490000.0,81670000.0,0.60 ,N/A ,-0.3696 ,N/A ,N/A ,5.43  
ONTF,2023-09-17,271330000.0,38730000.0,1.14 ,N/A ,-1.21 ,0.00  ,1.09 ,2.93  
HIVE,2023-09-17,270120000.0,85320000.0,1.95 ,N/A ,-1.8147 ,N/A ,N/A ,4.34  
GBIO,2023-09-17,270310000.0,48680000.0,1.64 ,N/A ,-2.0832 ,N/A ,N/A ,4.08  
VNDA,2023-09-17,270290000.0,55560000.0,0.88 ,18.05 ,0.2604 ,N/A ,N/A ,5.04  
KLTR,2023-09-17,268670000.0,64959999.99999999,1.30 ,N/A ,-0.4313 ,N/A ,N/A ,2.45  
ENTA,2023-09-17,268040000.00000003,19500000.0,0.99 ,N/A ,-6.31 ,N/A ,N/A ,8.63  
KNDI,2023-09-17,267149999.99999997,64330000.0,0.93 ,N/A ,-0.0672 ,N/A ,N/A ,2.10  
BGT,2023-09-17,N/A 
AVAH,2023-09-17,266600000.00000003,53190000.0,1.04 ,N/A ,-1.1810 ,N/A ,N/A ,3.32  
INZY,2023-09-17,265440000.0,44570000.0,0.67 ,N/A ,-1.5795 ,N/A ,N/A ,3.79  
AVIR,2023-09-17,265209999.99999997,73370000.0,0.95 ,N/A ,-1.2738 ,N/A ,N/A ,2.41  
AFCG,2023-09-17,264519999.99999997,15710000.0,0.75 ,7.21 ,1.79 ,16.09  ,0.48 ,3.20  
AGS,2023-09-17,264339999.99999997,37060000.0,1.58 ,74.17 ,0.09 ,N/A ,N/A ,2.55  
EEX,2023-09-17,264079999.99999997,14790000.0,0.97 ,31.07 ,0.1352 ,0.00  ,0.0750 ,2.27  
ARAY,2023-09-17,263690000.0,90360000.0,1.15 ,N/A ,-0.0986 ,N/A ,N/A ,6.89  
EVTL,2023-09-17,254910000.0,49300000.0,0.58 ,N/A ,-0.5022 ,N/A ,N/A ,0.56  
DTC,2023-09-17,411700000.0,26480000.0,1.52 ,16.67 ,0.2735 ,N/A ,N/A ,5.86  
CVGI,2023-09-17,268610000.0,29470000.0,1.25 ,N/A ,-0.31 ,N/A ,N/A ,3.28  
BARK,2023-09-17,261170000.00000003,105190000.0,1.66 ,N/A ,-0.3255 ,N/A ,N/A ,10.22  
MCR,2023-09-17,N/A 
CLAR,2023-09-17,259300000.0,28410000.0,1.18 ,N/A ,-2.15 ,1.45  ,0.03 ,12.42  
LOCC,2023-09-17,259250000.0,17430000.0,0.02 ,58.62 ,0.18 ,N/A ,N/A ,0.01  
PANL,2023-09-17,258820000.0,26590000.0,0.63 ,6.15 ,0.91 ,7.18  ,0.10 ,4.52  
BBAI,2023-09-17,258670000.00000003,48410000.0,0.40 ,N/A ,-0.6883 ,N/A ,N/A ,14.95  
TIO,2023-09-17,258579999.99999997,118490000.0,0.57 ,3.70 ,0.3403 ,N/A ,N/A ,17.46  
AEF,2023-09-17,N/A 
VZLA,2023-09-17,269110000.0,158290000.0,N/A ,N/A ,-0.06 ,N/A ,N/A ,0.14  
WSBF,2023-09-17,257490000.0,17660000.0,0.53 ,20.61 ,0.59 ,6.62  ,0.20 ,0.87  
PLSE,2023-09-17,256950000.0,N/A ,1.14 ,N/A ,-1.2173 ,N/A ,N/A ,N/A 
ASRT,2023-09-17,256510000.0,87320000.0,1.02 ,1.91 ,1.4454 ,N/A ,N/A ,10.65  
QUAD,2023-09-17,255510000.0,29110000.0,1.14 ,N/A ,-0.5354 ,0.00  ,0.1500 ,5.69  
API,2023-09-17,243880000.0,75500000.0,1.77 ,N/A ,-1.1753 ,N/A ,N/A ,3.01  
OB,2023-09-17,254350000.0,34620000.0,1.48 ,N/A ,-0.1414 ,N/A ,N/A ,1.53  
MAPS,2023-09-17,230800000.0,79560000.0,0.81 ,N/A ,-1.2513 ,N/A ,N/A ,2.37  
MMT,2023-09-17,N/A 
EDAP,2023-09-17,249520000.0,36710000.0,0.68 ,N/A ,-0.08 ,N/A ,N/A ,0.19  
THRD,2023-09-17,253580000.0,14650000.0,3.22 ,N/A ,-1.09 ,N/A ,N/A ,6.11  
VLN,2023-09-17,245210000.0,61980000.0,0.72 ,N/A ,-0.2266 ,N/A ,N/A ,0.27  
OPRT,2023-09-17,252270000.0,25090000.0,1.34 ,N/A ,-6.87 ,N/A ,N/A ,1.31  
ACIU,2023-09-17,252530000.0,41590000.0,0.89 ,N/A ,-0.8475 ,N/A ,N/A ,0.93  
OBIO,2023-09-17,251990000.0,21930000.0,0.33 ,N/A ,-0.87 ,N/A ,N/A ,2.93  
SCPH,2023-09-17,251720000.0,23550000.0,0.90 ,N/A ,-1.33 ,N/A ,N/A ,28.48  
LLAP,2023-09-17,251670000.0,117770000.0,0.95 ,N/A ,-0.9793 ,N/A ,N/A ,5.65  
BLNK,2023-09-17,255660000.0,57800000.0,1.55 ,N/A ,-2.3705 ,N/A ,N/A ,27.65  
DSKE,2023-09-17,250820000.0,37980000.0,1.49 ,19.47 ,0.28 ,N/A ,N/A ,2.26  
OPFI,2023-09-17,249180000.0,13440000.0,1.02 ,N/A ,-0.1066 ,N/A ,N/A ,5.56  
VSTM,2023-09-17,249980000.0,20690000.0,1.43 ,N/A ,-4.40 ,N/A ,N/A ,2.28  
IBEX,2023-09-17,248750000.0,9490000.0,0.63 ,11.50 ,1.18 ,N/A ,N/A ,0.60  
MTRX,2023-09-17,248430000.0,25450000.0,1.15 ,N/A ,-1.94 ,N/A ,N/A ,0.66  
PETS,2023-09-17,248100000.0,20240000.0,0.67 ,N/A ,-0.17 ,10.24  ,0.30 ,15.87  
RPHM,2023-09-17,247760000.0,19690000.0,0.76 ,N/A ,-2.34 ,N/A ,N/A ,10.32  
RGTI,2023-09-17,247360000.0,80770000.0,1.66 ,N/A ,-0.6650 ,N/A ,N/A ,7.04  
IREN,2023-09-17,301240000.0,38180000.0,2.18 ,N/A ,N/A ,N/A ,N/A ,1.61  
BLZE,2023-09-17,245480000.0,25280000.0,1.68 ,N/A ,-1.76 ,N/A ,N/A ,0.59  
ZTR,2023-09-17,N/A 
QIPT,2023-09-17,239830000.0,40420000.0,0.39 ,480.17 ,0.01 ,N/A ,N/A ,1.82  
CMAX,2023-09-17,244330000.0,83760000.0,1.34 ,N/A ,-1.1759 ,N/A ,N/A ,9.02  
BHR,2023-09-17,190060000.0,52550000.0,1.83 ,N/A ,-0.5763 ,6.94  ,0.0500 ,2.02  
VIGL,2023-09-17,243580000.0,14790000.0,0.97 ,N/A ,-2.04 ,N/A ,N/A ,5.31  
TTSH,2023-09-17,243310000.0,25580000.0,1.25 ,19.29 ,0.28 ,0.00  ,0.65 ,1.87  
ILPT,2023-09-17,243080000.0,58080000.0,1.04 ,N/A ,-1.9496 ,1.08  ,0.0100 ,2.29  
CDZI,2023-09-17,241740000.0,39760000.0,0.61 ,N/A ,-0.6226 ,N/A ,N/A ,6.58  
TUSK,2023-09-17,241150000.0,45390000.0,0.97 ,14.74 ,0.34 ,0.00  ,0.13 ,1.79  
ASUR,2023-09-17,240600000.0,22200000.0,0.95 ,N/A ,-0.44 ,N/A ,N/A ,3.21  
PCYO,2023-09-17,240310000.0,23200000.0,0.89 ,26.17 ,0.38 ,N/A ,N/A ,0.84  
REAL,2023-09-17,240030000.0,79930000.0,2.21 ,N/A ,-2.1181 ,N/A ,N/A ,14.18  
ATAI,2023-09-17,240720000.0,114140000.0,1.31 ,N/A ,-0.9248 ,N/A ,N/A ,3.61  
PPTA,2023-09-17,239400000.0,26970000.0,0.69 ,N/A ,-0.4518 ,N/A ,N/A ,3.64  
ICNC,2023-09-17,237770000.0,8240000.0,-0.01 ,36.42 ,0.30 ,N/A ,N/A ,0.00  
CMTL,2023-09-17,237850000.0,25930000.0,1.16 ,N/A ,-1.28 ,4.69  ,0.10 ,1.13  
DBL,2023-09-17,N/A 
TWOU,2023-09-17,237750000.0,76450000.0,1.71 ,N/A ,-4.5547 ,N/A ,N/A ,11.07  
LFCR,2023-09-17,244090000.0,29690000.0,0.70 ,N/A ,-2.63 ,N/A ,N/A ,6.06  
WRN,2023-09-17,239030000.0,146810000.0,N/A ,N/A ,-0.02 ,N/A ,N/A ,0.54  
EPM,2023-09-17,236970000.0,30120000.0,N/A ,6.85 ,1.04 ,6.73  ,0.12 ,5.30  
PRPL,2023-09-17,237940000.0,98790000.0,1.39 ,N/A ,-1.3347 ,N/A ,N/A ,6.38  
MKFG,2023-09-17,236790000.0,100990000.0,1.49 ,N/A ,-0.3702 ,N/A ,N/A ,3.69  
STRO,2023-09-17,236660000.0,57330000.0,1.54 ,N/A ,-2.4722 ,N/A ,N/A ,3.28  
PBPB,2023-09-17,236590000.0,22180000.0,0.96 ,18.67 ,0.43 ,N/A ,N/A ,4.06  
GWH,2023-09-17,236500000.0,52950000.0,1.66 ,N/A ,-0.6603 ,N/A ,N/A ,14.86  
AKBA,2023-09-17,237280000.0,166990000.0,1.90 ,N/A ,-0.5338 ,N/A ,N/A ,3.48  
AIP,2023-09-17,236280000.0,20380000.0,1.58 ,N/A ,-0.97 ,N/A ,N/A ,0.41  
POWW,2023-09-17,235920000.0,87820000.0,0.47 ,N/A ,-0.1025 ,N/A ,N/A ,4.24  
IMRX,2023-09-17,235580000.0,21180000.0,1.34 ,N/A ,-1.93 ,N/A ,N/A ,13.21  
APCA,2023-09-17,235030000.0,14350000.0,0.00 ,80.32 ,0.14 ,N/A ,N/A ,0.02  
PRTS,2023-09-17,234910000.0,51970000.0,1.16 ,N/A ,-0.1306 ,N/A ,N/A ,2.52  
